path,kind,size_bytes,sha256,reason
src/hengshui_insar/__init__.py,file,136,292550d3dd0bf3a10e99f5fadb502f42c59451196aa1805c212ededc44074090,release_or_active_code
src/hengshui_insar/__pycache__/__init__.cpython-310.pyc,file,274,642f94784a23148fd32ca42bb698fd42c2554bca98a21d056fcbaa8c18509389,release_or_active_code
src/hengshui_insar/__pycache__/audit.cpython-310.pyc,file,7602,81cedf1263eb67d148007b031155adc59e2298407dacc63878ef298b9f56926a,release_or_active_code
src/hengshui_insar/__pycache__/bounded_model.cpython-310.pyc,file,2026,085b553206d7d929000b7568e0e3d0db2f718236769f9e54c38e11c5e148efc8,release_or_active_code
src/hengshui_insar/__pycache__/cli.cpython-310.pyc,file,3083,286a5c3c0c6dccfff49c0eac89b33f72847e1e91e25e34d8151f94b2371753b7,release_or_active_code
src/hengshui_insar/__pycache__/config.cpython-310.pyc,file,1436,80fc09754715ac275bbc1861a4a426b71cc4fff2302254e6dd3f7d9418118962,release_or_active_code
src/hengshui_insar/__pycache__/constants.cpython-310.pyc,file,2035,f3f7dcff84a46c10aba988407990f28f89c02c34c8425640b6216d0422585b26,release_or_active_code
src/hengshui_insar/__pycache__/cross_validation.cpython-310.pyc,file,1485,b2212b26b79095d738879e78232111ee5c01a912d35579cddce148dd1aa8d0b0,release_or_active_code
src/hengshui_insar/__pycache__/harmonics.cpython-310.pyc,file,1598,3b5b4e22b774d26e874369ee1f79d03ae21777b7f4513a05428dc23339044ccd,release_or_active_code
src/hengshui_insar/__pycache__/hashing.cpython-310.pyc,file,1059,e343181104d6bcb4fc793b0b8c915fb69a662d8d298e76b0ca166d1fe86e14fe,release_or_active_code
src/hengshui_insar/__pycache__/io.cpython-310.pyc,file,1938,1e809b3d5a47daa75ab2e2de472d6953faaadc028a6cbd48beaac3ed80745aeb,release_or_active_code
src/hengshui_insar/__pycache__/optimization.cpython-310.pyc,file,1282,1ed9c10dc1a4be4360b14cb534e3db8cd8e6c4a7b61bd3a7824054673ccbc2f4,release_or_active_code
src/hengshui_insar/__pycache__/plotting.cpython-310.pyc,file,1059,7f546e893991a9573e3a086990b74b9412af31996ebbbfa993ddc39e8150ace5,release_or_active_code
src/hengshui_insar/__pycache__/products.cpython-310.pyc,file,1914,92be12f9a3b30bbd29987cf9da993cc9d268b52b8071b35f13e28206d428b94b,release_or_active_code
src/hengshui_insar/__pycache__/qa.cpython-310.pyc,file,744,ed23765e903a0158028beb5b9f6e5a131feb96bd6ac3d10e2414b71feb2ddc28,release_or_active_code
src/hengshui_insar/__pycache__/rbf.cpython-310.pyc,file,1001,c2ced3be19bef9b31053cdc595a78f149dee0eccaa567197ab63b9126384ab36,release_or_active_code
src/hengshui_insar/__pycache__/release.cpython-310.pyc,file,4176,45ed350cbd17272e0e9f7212ae6771371983b63bd3283a30c406d2610a3cdc39,release_or_active_code
src/hengshui_insar/__pycache__/storage.cpython-310.pyc,file,2328,151ade2acaa82fc705d98bf626ed65bb2a24e7be69b3f48cdd8d2a6f0b0283c5,release_or_active_code
src/hengshui_insar/audit.py,file,8490,7e23a00ecd1113674cb68d103091d9ef0654c7ebe4a2ed96daa336200d7eaf8c,release_or_active_code
src/hengshui_insar/bounded_model.py,file,1528,51f7a4bafe9fb04a018082870bd288778e37d47218e902b95caf6a3b4b032063,release_or_active_code
src/hengshui_insar/cli.py,file,2740,5c3b810eea3b9052d95bf07b1788bb2bbe226c65c950564f09ac68a86f5c5436,release_or_active_code
src/hengshui_insar/config.py,file,1238,ba0b4d0aff1ff427f197f3632d91d1534100423218df03ac5f4e268d2ecd536f,release_or_active_code
src/hengshui_insar/constants.py,file,2046,e244b1546feddd35c2c87d6ea516a05b25744ef5b2de388f771ae3825f9273e6,release_or_active_code
src/hengshui_insar/cross_validation.py,file,1404,2c05d13b79e4964259c891f2d147c7b46deec2718c0b86633a89704bd5f29080,release_or_active_code
src/hengshui_insar/harmonics.py,file,1391,037ffe8fa22cf34361aef9fe89e7ce1aa87d46df95cb6f9d9b9b298998b82966,release_or_active_code
src/hengshui_insar/hashing.py,file,534,8ae530bb1f2bba9214faf37bde911375ce01535c3071302a3430b1a8c51380e2,release_or_active_code
src/hengshui_insar/io.py,file,1254,5c0a895a178edb2f7ba1e34ba895722b6580db565bb0cdff595ddbae8d51949e,release_or_active_code
src/hengshui_insar/optimization.py,file,847,31afe7f455e9676da8d763d76b29fa37494f0b66d5e88c32b2042efe69bc36d0,release_or_active_code
src/hengshui_insar/plotting.py,file,628,4e9baf5e0ecc18ce76fc39192375cbd580fbbd87315d7989f48bb7c5f06f9c2e,release_or_active_code
src/hengshui_insar/products.py,file,1950,b2d01dc10c5980fbc7f60024d4ba1c122472132084bbc3894530e6a92c8de855,release_or_active_code
src/hengshui_insar/qa.py,file,541,9e1c46d65d2fdaf74291083705d7d67d0ef7c6dd3599f8b6bc1024186f9bca54,release_or_active_code
src/hengshui_insar/rbf.py,file,596,33977e6a81f5f2cd22f6a62500da7b79bc5f4ee9534deefd10e4cfc0bcbf08fe,release_or_active_code
src/hengshui_insar/release.py,file,5311,d0d5412037d4c6645ebda42894790a53189cb3f883fa4139dd9564fdf46caa43,release_or_active_code
src/hengshui_insar/storage.py,file,2447,e87d8b4f3355c0e8ebcda0678e1d527f267151bce185af4b0c3a93b426d88dbe,release_or_active_code
tests/__pycache__/test_audit.cpython-310-pytest-9.1.1.pyc,file,1259,0d3df884ddf59cd5cbc6fde5e96ebb5700eba948f08fb51d8cbc1989da02cc2c,release_or_active_code
tests/__pycache__/test_audit.cpython-310.pyc,file,602,f121a1977f6c47e8ab0e978c1307fff7b9d07ccefcec239d0a4b74361b2eb374,release_or_active_code
tests/__pycache__/test_bounded_model.cpython-310-pytest-9.1.1.pyc,file,2278,a01130e6bd7ff9445e35556d289f38cee06eb2c5a948f1af6e86759e76a2dec5,release_or_active_code
tests/__pycache__/test_bounded_model.cpython-310.pyc,file,677,c939ad3392eb09a2a01ebeac7922031ff886f3933115f17834bb13537366e28c,release_or_active_code
tests/__pycache__/test_cli.cpython-310-pytest-9.1.1.pyc,file,1327,0ede99ec6aafb7d69430566594ab1b43a571c4c17c32b2aca4c2f2edc4ad60ab,release_or_active_code
tests/__pycache__/test_cli.cpython-310.pyc,file,514,2f063be3c24a94004671dd71e82c316c0b885fd5cb86976c13034011366cae2f,release_or_active_code
tests/__pycache__/test_cross_validation.cpython-310-pytest-9.1.1.pyc,file,944,349d3326706d0f7d22dcecd201f6b99819fd7f97f56b8df96b57d3f6ae80b054,release_or_active_code
tests/__pycache__/test_cross_validation.cpython-310.pyc,file,467,ffef6c9f8a76aec96e873150173a38493b886c1781c0bed508be951c06d11bb7,release_or_active_code
tests/__pycache__/test_gradient.cpython-310-pytest-9.1.1.pyc,file,1169,5cb531869c7bdef13f7a782c85d625b3f29dfb4a7877459458f1311bb65e30db,release_or_active_code
tests/__pycache__/test_gradient.cpython-310.pyc,file,982,b058b25b0b41b0c8640c38b2cc52e9bf81b313922957468a2546cf7b1b23b175,release_or_active_code
tests/__pycache__/test_harmonics.cpython-310-pytest-9.1.1.pyc,file,3254,5caa72f4a9806bd54193c907b65693946417935b9b65eec49d3a5edf9971675d,release_or_active_code
tests/__pycache__/test_harmonics.cpython-310.pyc,file,1186,7268085c7352d2d6aa985aa688367ee5eea71d91bfed4eab73ecad21693e499c,release_or_active_code
tests/__pycache__/test_l01028_formal_helpers.cpython-310-pytest-9.1.1.pyc,file,6395,c190617d5d2470375d68ee1efafaf939c00900dda5e923b5be5ed30c9526ee02,release_or_active_code
tests/__pycache__/test_l01028_harmonics.cpython-310-pytest-9.1.1.pyc,file,4917,caf54d0ba163e7668d9559d20fb02b12ae0c506e0324b53c6e1e06b11253f9a2,release_or_active_code
tests/__pycache__/test_plotting.cpython-310-pytest-9.1.1.pyc,file,1671,728b28d7fa8d6e9a3f8e5b2155d0a3c04b6295f33a0561650d44203ca24915a7,release_or_active_code
tests/__pycache__/test_plotting.cpython-310.pyc,file,638,188bf2480a4ca433b6b64a4c1c42e6cb6ebcef627c3f81579f1ab41bec86a4ce,release_or_active_code
tests/__pycache__/test_products.cpython-310-pytest-9.1.1.pyc,file,1310,4312f4f3609a0023b4a9a22eb458a1394381ed53499656f0796eccb1d5d2b21c,release_or_active_code
tests/__pycache__/test_products.cpython-310.pyc,file,466,c4ce3aef7230a80f63f647cdc190b382ec8aa845fb08ebef1db9f2e64f1c7c4a,release_or_active_code
tests/__pycache__/test_qa.cpython-310-pytest-9.1.1.pyc,file,994,f5120338273dc046af328f3c1e30846a6a27181e93f475958591759d6b504e01,release_or_active_code
tests/__pycache__/test_qa.cpython-310.pyc,file,519,dd31d925576f0e745b3947e5a2a93141416d2b799a20e1a7de5a6edd1bdccdb5,release_or_active_code
tests/__pycache__/test_rbf.cpython-310-pytest-9.1.1.pyc,file,1818,fd3ce9d73d3bfa5f9ee791a01a0f0fe9a06800af2120701c32d5d4b4177ce099,release_or_active_code
tests/__pycache__/test_rbf.cpython-310.pyc,file,673,d0984fcb0aae64da67f42b1e9f41bfec4fcf01596de01768a2a1a7d27beab336,release_or_active_code
tests/__pycache__/test_storage.cpython-310-pytest-9.1.1.pyc,file,1298,b9ea24fed61eef3547be49921937637265ddda49aaddbc47857362f1ec5327d8,release_or_active_code
tests/__pycache__/test_storage.cpython-310.pyc,file,615,475aa0e4149184330fbb85256925537c81faaa825e9f332c6f5e529cfaccbe05,release_or_active_code
tests/test_audit.py,file,442,b78a85dc6b470d47b85458216619866a21de1c7a7e49936f09d417cee82970dc,release_or_active_code
tests/test_bounded_model.py,file,441,e3e65bf5cf6f3a40e059892938cff662ab353d944c39f1281866b7af35532d2b,release_or_active_code
tests/test_cli.py,file,291,c1008af2eb13f7fafb8f2b74dcb3ce5474cf7386c042557e2a27a008bda914c8,release_or_active_code
tests/test_cross_validation.py,file,250,23dade10b2913ecd01996b8d39de49228b3034913eb0d8b9628a8766f99a9b47,release_or_active_code
tests/test_gradient.py,file,851,e92776d0e456d8f953500edef7632c483bd51fc82a0409aaa7e502c2d33d2ef8,release_or_active_code
tests/test_harmonics.py,file,907,6a1cb34008404138017983f004d14c80430e884cb14bbbfa9606fa097890eef9,release_or_active_code
tests/test_plotting.py,file,391,408daba3f2f38a3e6befd0cb2bb49ffaa55a15d1026e6d1872d7acf9db7d5321,release_or_active_code
tests/test_products.py,file,260,0e140f70128bc3e57b8fd796685f7da28129dbca93cfb0436242167dc2c9b0a1,release_or_active_code
tests/test_qa.py,file,297,73131b92d64cbb051195dd39b16f39ab5d3c64910b9aea6b6510eb1fca3430f8,release_or_active_code
tests/test_rbf.py,file,453,9fe5fd3bd1964c507d7b2cd4f274ae1d2c21bb84e9486f44120262c806c0d8fa,release_or_active_code
tests/test_storage.py,file,438,8d1ed0a89efd5eda1b2b434ad0ce72009c60cfe743b63f239d7feaad1b327790,release_or_active_code
docs/history.md,file,898,63206559258a63c12681fd1800c730735d27a9782599892885a64fe20d7aed4c,release_or_active_code
configs/l01028_release_v1.yaml,file,1438,9dcfaaf0721ca6c671204ded082efe0c707faa1ae75187007923ece074a55058,release_or_active_code
outputs/releases/L01028_v1/audit/L01028_final_repair_cleanup_acceptance.json,file,2154,8d280e441c1260612dcf80012038bf6921b04b64a5b36cc714d153885b5ae812,release_or_active_code
outputs/releases/L01028_v1/audit/block_boundary_audit.csv,file,208,f861214f322a1937d42f3545b57a0820ddbe28f9c44913ef2b7b599dd87b0197,release_or_active_code
outputs/releases/L01028_v1/audit/fold4_local_metrics.json,file,175,bd138962b48044654c61dc090bbfa22a4de140ffb05c9cbad569c294f03d657a,release_or_active_code
outputs/releases/L01028_v1/audit/fold_parameter_stability.csv,file,588,29835edd00d27a9132b481a69bff126fce2d4915287b2a4d9ffe2524dddec203,release_or_active_code
outputs/releases/L01028_v1/audit/high_ske_support_overlap.csv,file,68,54ebca35ee25c8cd95b0cfa4ddf3e8dcdc9855e0e6a36be0e6d24ebd2584cb2d,release_or_active_code
outputs/releases/L01028_v1/audit/parameter_product_semantics.json,file,188,0b755fca74c8104f391f3f81d393bd84e28bee88f290a99516d4d2c4061b995f,release_or_active_code
outputs/releases/L01028_v1/audit/rbf_dimension_sensitivity.csv,file,95,5ea10ac6fae49e4ed12abef03483c666dbb30c2ede5e59431163cfd6dc15d129,release_or_active_code
outputs/releases/L01028_v1/audit/ske_basis_norm_association.csv,file,101,1069b52d47358e372c24ce6e45f59b0ffa3e46324fa8b26358e460652789f5c9,release_or_active_code
outputs/releases/L01028_v1/audit/spatial_qa_metrics.json,file,995,07c9096d73066e1826635a80dacdec9404d9045afe2a1385d907665d9010a6ee,release_or_active_code
outputs/releases/L01028_v1/audit/spatial_qa_v2_acceptance.json,file,1031,54b9627a748e8dcc0233e5ed44f40c77eb1a288ab761d9342a8d1e2e10641531,release_or_active_code
outputs/releases/L01028_v1/figures/bounded_Ske_map.png,file,210754,c0f59fb7029e2db39d872f22d43c7d5d064e00172475b14959db2bd25f92bc51,release_or_active_code
outputs/releases/L01028_v1/figures/bounded_formal_cv_rmse.png,file,45462,42bae206987b6676e9dc43f26f38e03f003a9990e20c2e201a2e5c2b65136fe0,release_or_active_code
outputs/releases/L01028_v1/figures/publication_figures_acceptance.json,file,125,7bfc4f73974d9a588ba6ca7071cdc5e4011e40eab89f306f25be132b830827be,release_or_active_code
outputs/releases/L01028_v1/final_refit/all_checkpoint_iter_005.npy,file,344,126a76934f10b02786c3587464a7acd3dfafc2f9e3b5bd4ed9879d88055b0d3c,release_or_active_code
outputs/releases/L01028_v1/final_refit/all_checkpoint_iter_010.npy,file,344,61755915cd5cf9b9474940233f26e724606118a3ad347a118b05a59a4a918738,release_or_active_code
outputs/releases/L01028_v1/final_refit/all_checkpoint_iter_015.npy,file,344,07ac2e357ac7850e0138a68bd0d83c20351b83f074515e0c6b8d39d308d2ca53,release_or_active_code
outputs/releases/L01028_v1/final_refit/all_checkpoint_iter_020.npy,file,344,6d6d9773d8548976343ed135da6f8f578a6fdae6b4286e1e99d30d710aef2647,release_or_active_code
outputs/releases/L01028_v1/final_refit/all_checkpoint_iter_025.npy,file,344,7e13566a8a8251a5321a386189f464ce7331064efb5b81f5b0c630f35e914d8f,release_or_active_code
outputs/releases/L01028_v1/final_refit/all_checkpoint_iter_030.npy,file,344,494a8a21a16dde311081763a3b7970f0e7369d7220b0a6cd076e78faa679dda9,release_or_active_code
outputs/releases/L01028_v1/final_refit/all_history.csv,file,9458,4b0566bc5535095b8a6b14ce34974c068b1dbb0905aaa0509e807f530336bf33,release_or_active_code
outputs/releases/L01028_v1/final_refit/all_optimizer_result.json,file,104,5df15eacd2479315e3accbb327d1416183edb54b9ccfbff8afc6546aebc17ee1,release_or_active_code
outputs/releases/L01028_v1/final_refit/final_refit_acceptance.json,file,2449,c046715b7f748ec55420145e3f6c594369f79a21bfad2d9f5c25fcb0bc8eaf62,release_or_active_code
outputs/releases/L01028_v1/final_refit/fit_acceptance.json,file,2376,a96088724b2ae3255ba43592383a1f3bf1c1b210e21cf275ceea3d0ceec2f204,release_or_active_code
outputs/releases/L01028_v1/final_refit/fit_summary.json,file,2376,a96088724b2ae3255ba43592383a1f3bf1c1b210e21cf275ceea3d0ceec2f204,release_or_active_code
outputs/releases/L01028_v1/final_refit/gamma_checkpoint_iter_005.npy,file,344,128bc259714a9faab130ae73d70222e801343f4f9345a3174226243ebbde38e0,release_or_active_code
outputs/releases/L01028_v1/final_refit/gamma_checkpoint_iter_010.npy,file,344,4e9e7e2a8237c4d271ee6956d2a3e0ea4d6b3e30fce3c82b3134f483d3e86139,release_or_active_code
outputs/releases/L01028_v1/final_refit/gamma_checkpoint_iter_015.npy,file,344,4b2276a799247433f1933c669194433e0291ac461918cd8dcea39648c6ae48eb,release_or_active_code
outputs/releases/L01028_v1/final_refit/gamma_checkpoint_iter_020.npy,file,344,14f83732d65282b5d3a04acc51e0929bd21678f37990542c923d7a37f69627c4,release_or_active_code
outputs/releases/L01028_v1/final_refit/gamma_checkpoint_iter_025.npy,file,344,3a54588e7baa744233ee0af853cd8896c08442191b5ddacff878916c96a0d68b,release_or_active_code
outputs/releases/L01028_v1/final_refit/gamma_history.csv,file,8633,f78227ee53006210b3a3f084796ab65997cdd425ec6be20d19aa65e3c33dc614,release_or_active_code
outputs/releases/L01028_v1/final_refit/gamma_optimizer_result.json,file,106,22a684f1f49c924cc6f153ce727c8ac67a26962a0a2a85241efcb13bef355b31,release_or_active_code
outputs/releases/L01028_v1/final_refit/global_checkpoint_iter_005.npy,file,344,3ac432bde27168ad640b455e83292ea190bd0272eb0dd510bfc7f26b64cba7c9,release_or_active_code
outputs/releases/L01028_v1/final_refit/global_checkpoint_iter_010.npy,file,344,68a5060c89fa406058953f8520f72bcd589afaa2abc334e8b4cd963366a20b85,release_or_active_code
outputs/releases/L01028_v1/final_refit/global_checkpoint_iter_015.npy,file,344,74f1c2c022546c11ab40ba05cadad1b820844ab0e0dc5e4b7e26095fba339990,release_or_active_code
outputs/releases/L01028_v1/final_refit/global_history.csv,file,4449,548bdb2dc517b0bee1562f155d35752a410a2b21a6f67b75862cd49b5e8de84c,release_or_active_code
outputs/releases/L01028_v1/final_refit/global_optimizer_result.json,file,133,3b28deb718d9485319bc6c1ea8e6fd48dcdb9db683279fbf0c110fc78bd899ab,release_or_active_code
outputs/releases/L01028_v1/final_refit/parameters.json,file,174,1cb1acc620661f5970a47a962cc1887e52677c17bab441164ad858ae5cc7c940,release_or_active_code
outputs/releases/L01028_v1/final_refit/parameters.npy,file,344,de697f8fb853429a4b692eb71b3bf8c8fc307663f1c565c1bde9b3f54d19b35a,release_or_active_code
outputs/releases/L01028_v1/formal_cv/fold_01/fit_summary.json,file,3504,2e73eb4bd99d62835cb14b20fcb36c5e7129180c0a76f091340036f698cb5635,release_or_active_code
outputs/releases/L01028_v1/formal_cv/fold_01/formal_fold_acceptance.json,file,3808,1d19ee6ed0777167d7069069e863ea13af972f6b00c53ccb8b10f03b34a33cfe,release_or_active_code
outputs/releases/L01028_v1/formal_cv/fold_01/parameters.json,file,174,a4051d2f6aebefa2b233dd16244fa1492f5fc8649f9310845d6aba7e834e7785,release_or_active_code
outputs/releases/L01028_v1/formal_cv/fold_01/parameters.npy,file,344,df0d826af51071857f5895ce1aa47ccff6479ca2a94f27cd2fcb9c9a1caf9111,release_or_active_code
outputs/releases/L01028_v1/formal_cv/fold_02/fit_summary.json,file,3499,4b5c54ac1c15ba2fcd2e89704457a641a6607a5795c6fc9b55560d273f9d256d,release_or_active_code
outputs/releases/L01028_v1/formal_cv/fold_02/formal_fold_acceptance.json,file,3803,8e14809005151862bee6c87be278e7c3679efc8af37156f96648730e69ef8805,release_or_active_code
outputs/releases/L01028_v1/formal_cv/fold_02/parameters.json,file,174,4946729409c2d725a14863bb4578e49295ec7de107a55736fd8f4c42c5a48d13,release_or_active_code
outputs/releases/L01028_v1/formal_cv/fold_02/parameters.npy,file,344,df34e784790d967c6452a9ffca76df5d53b9edf02b31d84fd95e1be1803002ca,release_or_active_code
outputs/releases/L01028_v1/formal_cv/fold_03/fit_summary.json,file,3512,5e954b12648c173042a69d1544c9e5f3f6c3788d040e7db1fd797c7fee44e774,release_or_active_code
outputs/releases/L01028_v1/formal_cv/fold_03/formal_fold_acceptance.json,file,3816,35d1461b6bc8b70ec9d71f50369c0496ca7d5343ce294a8ebbd10ce5faaa5ee3,release_or_active_code
outputs/releases/L01028_v1/formal_cv/fold_03/parameters.json,file,174,7660f342608fe6f38db9eb73cd9e2260c259323bc8a8b5654d8c60a07ce47204,release_or_active_code
outputs/releases/L01028_v1/formal_cv/fold_03/parameters.npy,file,344,91948ca709c015fe2f29a5fff61e2bca74ee1d86ad1457bce308502c73c08e5a,release_or_active_code
outputs/releases/L01028_v1/formal_cv/fold_04/fit_summary.json,file,3511,7d2c4c5ddf6a6d1fb0ffa75f142df89d9cb6c904d5d92fbdf516482978569b2f,release_or_active_code
outputs/releases/L01028_v1/formal_cv/fold_04/formal_fold_acceptance.json,file,3815,6e7c8cdfc17fe213d93246878160bf0e835e1cff29dd79809fdfecc01fe5db2c,release_or_active_code
outputs/releases/L01028_v1/formal_cv/fold_04/parameters.json,file,174,36861848560e0d98bd280d42cfc156af197f3a462b8e69f1b121ebc61aebffad,release_or_active_code
outputs/releases/L01028_v1/formal_cv/fold_04/parameters.npy,file,344,9a2fc66bcafd11207ce5c4c579ae125e30f47432de1f90ea2bb366f39c26c9b7,release_or_active_code
outputs/releases/L01028_v1/formal_cv/formal_cv_acceptance.json,file,1517,8e4ccb06d28b2b6d3247513411727bf41a70de24e86d4591737e44e707504090,release_or_active_code
outputs/releases/L01028_v1/formal_cv/formal_cv_summary.csv,file,588,29835edd00d27a9132b481a69bff126fce2d4915287b2a4d9ffe2524dddec203,release_or_active_code
outputs/releases/L01028_v1/manifest/formal_protocol_bounded_frozen_manifest.json,file,3292,f7f41d15db0a83641dc72414814988626e178c2a4c05b091f73c57ad2c2a0cc1,release_or_active_code
outputs/releases/L01028_v1/manifest/formal_protocol_bounded_frozen_manifest.json.sha256,file,65,807d2289ea2210e6af5228d86b7d41fdd458079fef99a8697ae8c74cef8fd73e,release_or_active_code
outputs/releases/L01028_v1/manifest/history_summary.json,file,585,6ee9c28e847bedac03831bbcc1410a8097de9ba7ababbb501f65700a7272190b,release_or_active_code
outputs/releases/L01028_v1/manifest/release_file_manifest.json,file,88640,477631d98fcf56571ca59a59c6e49c65078428f8288d8e8d4ef9ef7e3c100bf6,release_or_active_code
outputs/releases/L01028_v1/products/Ske.tif,file,49615797,5d61ec4f0c3a80c584d5857b524c08b23aa629cc634002a79bb1f6499d27bfe5,release_or_active_code
outputs/releases/L01028_v1/products/eta_spatial_contribution.tif,file,50558237,dae7a46367d43ded31ed1c296dc80f42050ff4805fa27988ec1dcedd2c1ede40,release_or_active_code
outputs/releases/L01028_v1/products/predicted_annual_imag_mm.tif,file,50931988,93fd3ab5d666fb1af009660d78776bea56b7fac2bfce04687b5c6a397f25d2cc,release_or_active_code
outputs/releases/L01028_v1/products/predicted_annual_real_mm.tif,file,49736767,40ddd8dec4085629283984f69a9ad6259ee495f26075476c7c28d12f860c1908,release_or_active_code
outputs/releases/L01028_v1/products/rbf_basis_row_norm.tif,file,47694483,bbe8cb08fe32863a6ba7833b5520e290c7dcc085f0bf6bf9e7496a621613297a,release_or_active_code
outputs/releases/L01028_v1/products/residual_amplitude_mm.tif,file,54581358,b043de2972c7e47eb8f3c3d5bdfd8582f296f0a53e7545a4e91f60b318a37418,release_or_active_code
outputs/releases/L01028_v1/products/residual_annual_imag_mm.tif,file,55912381,24b38a25e4f0eb844dd49ea378ed939ac513c5637efcd46da0b27ac0fa4c9b33,release_or_active_code
outputs/releases/L01028_v1/products/residual_annual_real_mm.tif,file,56624453,9535fef13850e13c9c9823fbbd9dfa70870dd235097a802a6992061ea9a7c2f1,release_or_active_code
outputs/releases/L01028_v1/products/upper_bound_saturation_mask.tif,file,1196179,32c70dfba45ac3613f3039990d9961faf957f51e91f27df7228c8118776f987b,release_or_active_code
outputs/releases/L01028_v1/release_acceptance.json,file,2508,ca4debd2cb007b9cdf5ab470d8e101dcd4700a6c68ddff63f1e0773f97b11232,release_or_active_code
outputs/releases/L01028_v1/storage/confined_harmonic_storage/confined_seasonal_storage_acceptance.json,file,151,57a4ce75019161dd5a65cf031a2d8e3afe5f36db3b21b0fc9913725c88c8b544,release_or_active_code
outputs/releases/L01028_v1/storage/confined_harmonic_storage/confined_storage_deformation_equivalent_delayed_imag_m3.tif,file,50976032,7fa40ab901cc0e7158fc669cbad1cb56ca2a24e462def78b8efc2b4e70f737b8,release_or_active_code
outputs/releases/L01028_v1/storage/confined_harmonic_storage/confined_storage_deformation_equivalent_delayed_real_m3.tif,file,49848214,fa30df95905168d00f82a84b58523fc327843ad604886f45cf6738a85b612fee,release_or_active_code
outputs/releases/L01028_v1/storage/confined_harmonic_storage/confined_storage_harmonic_by_region.csv,file,190,6d1db17f81cf98874e9a374539efeee20bc320d2a7e5bba98906697fc9a4624f,release_or_active_code
outputs/releases/L01028_v1/storage/confined_harmonic_storage/confined_storage_harmonic_imag_m3.tif,file,49981370,0ffbd92d6291a9cd3661390c6f772f50b9b191765e9ab02d0e53cd20ebb87e9c,release_or_active_code
outputs/releases/L01028_v1/storage/confined_harmonic_storage/confined_storage_harmonic_real_m3.tif,file,51557994,5a60cedac08be460498e49d2df339e097bef37104adab2fdad0ddb81b09e8cf9,release_or_active_code
outputs/releases/L01028_v1/storage/confined_harmonic_storage/confined_storage_harmonic_regional_summary.json,file,1284,f31152b2235971c16c1304930847376b414c41e6f306164cf3e28af6aee82b5e,release_or_active_code
outputs/releases/L01028_v1/storage/confined_harmonic_storage/confined_storage_local_amplitude_m3.tif,file,49865612,f594ca5b003989185c30138f168e216bb294b669c3f480012c89ccde10b43020,release_or_active_code
outputs/releases/L01028_v1/storage/confined_harmonic_storage/confined_storage_peak_day_of_year.tif,file,48324314,57256dfb402a3ebbf129e9b956f28b149d22258e220eee3b048507e23ab6f790,release_or_active_code
outputs/releases/L01028_v1/storage/confined_harmonic_storage/confined_storage_phase_days.tif,file,48324314,57256dfb402a3ebbf129e9b956f28b149d22258e220eee3b048507e23ab6f790,release_or_active_code
outputs/releases/L01028_v1/storage/confined_harmonic_storage/confined_storage_seasonal_curve_daily.csv,file,19457,1dfc925d201c69cb766598ed66844d667bb889278e4537e98ab7f59f013205f4,release_or_active_code
outputs/releases/L01028_v1/storage/confined_harmonic_storage/confined_storage_seasonal_extrema.json,file,226,73c0c376f9a498843ec5e9452191880d94afdb5303767e05086030b579ef2b15,release_or_active_code
outputs/releases/L01028_v1/storage/daily_storage/confined_elastic_storage_annual_summary.csv,file,89,7ec89f66191e8d29687b19ccb7ca60eb76b12c786cea5d116959f6dbb991075e,release_or_active_code
outputs/releases/L01028_v1/storage/daily_storage/confined_elastic_storage_daily.csv,file,42,d67dfee8664531708a0c8ab0cff0cbb74f094531367fae0990c407c13849a234,release_or_active_code
outputs/releases/L01028_v1/storage/daily_storage/confined_elastic_storage_monthly.csv,file,43,96a9c71a522947619774b2db533132b2cb8ca4769ecba2309f0d2bd73fc4c155,release_or_active_code
outputs/releases/L01028_v1/storage/daily_storage/daily_storage_acceptance.json,file,88,3e84eb6bc62c780bed8705e574bd0afaa457e25588e42136e7a1157daffb802f,release_or_active_code
outputs/releases/L01028_v1/storage/daily_storage/daily_storage_manifest.json,file,210,a004f8f72c3136f10a85f77e455559870e1ceb1b474bacdf55ffea413a2d475d,release_or_active_code
outputs/releases/L01028_v1/storage/draft_manifest.json,file,9184,6c81d3158dbf00b4b4b95127d379069238c6f3b104b39a8ad5d5d8c9e971be12,release_or_active_code
outputs/releases/L01028_v1/storage/figures/Figure_storage_01_input_and_definition.png,file,469964,2591000e6e3cff197b947e2f3a256821fded0dc7ad0e8b76338d106f80adea89,release_or_active_code
outputs/releases/L01028_v1/storage/figures/Figure_storage_02_seasonal_elastic_storage.png,file,614196,3123162ed7072ccd6c8976a23802383cfcab9696b890e9d3d0946fa706600beb,release_or_active_code
outputs/releases/L01028_v1/storage/figures/Figure_storage_03_regional_seasonal_curve.png,file,79235,1c080732f7cfb8ee09d867c703e61c6a3e03fac1783a1d1eda549c64fd102013,release_or_active_code
outputs/releases/L01028_v1/storage/figures/Figure_storage_04_daily_storage.md,file,105,c66bd546dea0b938f06608eedc56f50b8245eebf4ab43d536a9c556ff8f97c0b,release_or_active_code
outputs/releases/L01028_v1/storage/figures/Figure_storage_05_spatial_storage_change.png,file,165993,710159b9a4678e520bf837238abfc26b293ba5cc5eb6760517c67726f524ba83,release_or_active_code
outputs/releases/L01028_v1/storage/figures/Figure_storage_06_uncertainty.png,file,22642,acb82cbc5a0996270bc55d9ada47ba786e5120e467e288b1e1f73968b36b27d9,release_or_active_code
outputs/releases/L01028_v1/storage/figures/Figure_storage_07_actual_vs_delayed_response.png,file,68668,b8c93648ff48ff1e617faa31d9405f791546dc6198dec1ba37d9370fe8ffe81b,release_or_active_code
outputs/releases/L01028_v1/storage/figures/Figure_storage_08_storage_scope.md,file,176,403753b8ae95936b32d3830ff4ed2fecb2803bc01af2de3950f325b1a0da66f3,release_or_active_code
outputs/releases/L01028_v1/storage/figures/figures_acceptance.json,file,54,4ab7fc0ab3442a94340b833ca09dce01b0cf7afd6e885dcc9212bf6f1f032583,release_or_active_code
outputs/releases/L01028_v1/storage/independent_audit/delayed_response_rotation_audit.json,file,259,a6d3902704f4ef45ff8ab2e8ba710284fc2aa95e7d0f74cf5a1ea6b154908b2f,release_or_active_code
outputs/releases/L01028_v1/storage/independent_audit/storage_alias_audit.json,file,217,d6ba9a43ecc8c19f9e4e4a0bbcd825c02b6a87459c692d442be56abbd911ef6c,release_or_active_code
outputs/releases/L01028_v1/storage/independent_audit/storage_hash_audit.json,file,439,fc957ee670dfe2f837d5def9513e25d694030a482dc01fa397f6ce920c1fdc8f,release_or_active_code
outputs/releases/L01028_v1/storage/independent_audit/storage_independent_acceptance.json,file,1281,fa3d6a456968e6b70ea7e60f6cc037c17b6b18e0bcc2720c380998bc2f1d8f6a,release_or_active_code
outputs/releases/L01028_v1/storage/independent_audit/storage_independent_audit.json,file,1281,fa3d6a456968e6b70ea7e60f6cc037c17b6b18e0bcc2720c380998bc2f1d8f6a,release_or_active_code
outputs/releases/L01028_v1/storage/independent_audit/storage_numeric_recalculation.csv,file,321,e218de4bbafaa715df7bd40505a82a5a6b5b71a05d097567f773f05282951927,release_or_active_code
outputs/releases/L01028_v1/storage/independent_audit/storage_sign_audit.json,file,108,74e236c7f3ce8370903ba2aefccb6f890750443b645f05616deff72cd252dc70,release_or_active_code
outputs/releases/L01028_v1/storage/independent_audit/storage_unit_audit.json,file,105,6e99b1e6765419e047669698d03263a69191bdb37f580ed42cdaffedc2e56394,release_or_active_code
outputs/releases/L01028_v1/storage/input_audit/aquifer_classification_audit.csv,file,152,d2a33a2b12a43059e662914f800b468321e704dcd6875174f7e2254c0dbc1e94,release_or_active_code
outputs/releases/L01028_v1/storage/input_audit/daily_head_field_availability.json,file,244,1ad2b3dba06ccad4def512d7319ed7bbd6e99455b7c8e72662df6760d6cbde66,release_or_active_code
outputs/releases/L01028_v1/storage/input_audit/head_date_coverage.csv,file,97,c6ddd5b43ea700d18c8a18c41aeb95d7141ed387ccd1f17ff8067fcd16f5cf15,release_or_active_code
outputs/releases/L01028_v1/storage/input_audit/head_sign_audit.json,file,482,9ced081f62b4bab3325cf3880a24637c68e5c51fba174fd70bb1113521f4a0fa,release_or_active_code
outputs/releases/L01028_v1/storage/input_audit/head_unit_audit.json,file,482,9ced081f62b4bab3325cf3880a24637c68e5c51fba174fd70bb1113521f4a0fa,release_or_active_code
outputs/releases/L01028_v1/storage/input_audit/head_variable_audit.json,file,482,9ced081f62b4bab3325cf3880a24637c68e5c51fba174fd70bb1113521f4a0fa,release_or_active_code
outputs/releases/L01028_v1/storage/input_audit/ske_definition_audit.json,file,268,69075acf5ca4718081951f8ecd64ecebfc71545a93ab9ffe36d4621714d637e9,release_or_active_code
outputs/releases/L01028_v1/storage/input_audit/specific_yield_availability.json,file,173,c564cb98b91f40a35cd6b6e874073c1963e74d7735a01c01c434aaeeea12eac0,release_or_active_code
outputs/releases/L01028_v1/storage/input_audit/storage_input_acceptance.json,file,366,22436701dd3d3dda30113953eb25278660001b7240406a65862582bb6a1ec84b,release_or_active_code
outputs/releases/L01028_v1/storage/input_audit/storage_input_inventory.csv,file,622,38753f303754dacfd40470948b18124b280f0df96824d220d9e0382468d56b86,release_or_active_code
outputs/releases/L01028_v1/storage/input_audit/storage_source_reference_graph.json,file,300,fd35d703e4b5f6d00465aaac976c194ed856693fa4085988801a97a379719e5e,release_or_active_code
outputs/releases/L01028_v1/storage/input_audit/well_completeness_summary.csv,file,227,2272c6fa905f7fa355a3dddd1adf9783acd0d345f40dfc16ff3683f679a9768c,release_or_active_code
outputs/releases/L01028_v1/storage/input_hashes.json,file,326,5115f5619ca84ec2b3661d30d59e95c90d8a9e558cb21db9bba671d8a6a71e1a,release_or_active_code
outputs/releases/L01028_v1/storage/pixel_area/common_mask_area_summary.json,file,137,f0464a9535fd137616ad5d1f686ff25145a5633aec5ccff85a0a0feefdcbf004,release_or_active_code
outputs/releases/L01028_v1/storage/pixel_area/pixel_area_acceptance.json,file,468,0ed778077dba134ba26886a7a685fde5446dc172bf36eb5aaa63e98c173e6a19,release_or_active_code
outputs/releases/L01028_v1/storage/pixel_area/pixel_area_by_row.csv,file,204897,880abacce0c0a56a9222a51215ac6f37dffbc5495f7e95486f4e1e4a3e717391,release_or_active_code
outputs/releases/L01028_v1/storage/pixel_area/pixel_area_m2.tif,file,1098586,96cf03ba905549e06b2509e50118b6eee435e5819d68bbda9010ae7870288c5b,release_or_active_code
outputs/releases/L01028_v1/storage/pixel_area/pixel_area_method.json,file,317,f97633901ba9bd5be6e3cffe6045e12dfd2b0be19b7d2a88cb949d1e187f688e,release_or_active_code
outputs/releases/L01028_v1/storage/pixel_area/pixel_area_validation.csv,file,196,7773225d09168572b8e8b8633ee75268ad04f373c9bbf69c2f4fb902eea2aecd,release_or_active_code
outputs/releases/L01028_v1/storage/regional_aggregation/confined_storage_by_region.csv,file,108,d49897f3c240fb69f81907c2ec472e545baf842ab9f07a0b0d482504ff8b1d5f,release_or_active_code
outputs/releases/L01028_v1/storage/regional_aggregation/region_aggregation_acceptance.json,file,113,0c965f18a8cc5a68fe3754ae36d7e50f53be192c900d417b1a462f519839e5ba,release_or_active_code
outputs/releases/L01028_v1/storage/regional_aggregation/region_aggregation_method.json,file,149,7b058cfe7470d41dd7eab9d694ed358f030b07008e639ebd257a50102a7809fc,release_or_active_code
outputs/releases/L01028_v1/storage/regional_aggregation/region_area_summary.csv,file,53,5de473850f3c993fa332e4cf99252f0bc16c38defeae315f6e30b2b43d150a17,release_or_active_code
outputs/releases/L01028_v1/storage/regional_aggregation/region_inventory.csv,file,74,ea6f9bd2727d44252d71f641a71e56bffbcd223acadc7966dcff92ed07cd1d60,release_or_active_code
outputs/releases/L01028_v1/storage/tables/table_confined_annual_storage.csv,file,60,c0d0e0a0f320488a7d7c44e4b6c710dbbce7c4c59809a47649b915f86dec538b,release_or_active_code
outputs/releases/L01028_v1/storage/tables/table_confined_daily_storage_summary.csv,file,56,75ff6b09d1f962e482bbade2671ac8861eff029e04633b01d9c9a9ef7bff3b5f,release_or_active_code
outputs/releases/L01028_v1/storage/tables/table_confined_seasonal_storage.csv,file,166,7cc2b864ace774616ad6db14dcb1042236f0cab48c71abb3c43e9f544b74b09f,release_or_active_code
outputs/releases/L01028_v1/storage/tables/table_head_field_cv.csv,file,48,242de1d98e56454b0413aa2b31162a93c53c898b56b4718c43b1d1a3e78e1175,release_or_active_code
outputs/releases/L01028_v1/storage/tables/table_pixel_area_summary.csv,file,118,272c53a4cc6e77b148eeda2cf1f59c130dc1a630d94ac162d9901fe4b0edb1ae,release_or_active_code
outputs/releases/L01028_v1/storage/tables/table_storage_by_region.csv,file,67,dcf0a4f590c0539d62a3e31da5596c9260b5cf10cb20799d39b7657d8a07460d,release_or_active_code
outputs/releases/L01028_v1/storage/tables/table_storage_input_definitions.csv,file,64,08c09c69d583727aa23cf7ae46ba7d2ba9f1511d0e70d307832ebb75df64aabf,release_or_active_code
outputs/releases/L01028_v1/storage/tables/table_storage_scope_and_limitations.csv,file,94,58f32452a4a16259492289258495e52dd74b988094bc66f90057f696f4061f2d,release_or_active_code
outputs/releases/L01028_v1/storage/tables/table_storage_uncertainty.csv,file,113,5548590ecca433015868d5526536380954962cb280fd8b217521c02c2d0995a3,release_or_active_code
outputs/releases/L01028_v1/storage/tables/table_unconfined_storage_status.csv,file,54,65ff44d7dcc4c5e9a534a2de5038474fc1f178a0be52336f9b19da611957e07d,release_or_active_code
outputs/releases/L01028_v1/storage/tables/tables_acceptance.json,file,53,0734619c074a9d76a8d0bca5f653f36242180e75906cf7ad1018322f73714c19,release_or_active_code
outputs/releases/L01028_v1/storage/test_results.json,file,218,b38904b1f9e784842988b4664003990b4ecca7719bd07ecab28ef30be97a9da2,release_or_active_code
outputs/releases/L01028_v1/storage/uncertainty/confined_storage_uncertainty_annual.csv,file,134,efb708290341e9ce2067e898ccbf290dd4d2ab4a4dddaea06a4b5ce23c807715,release_or_active_code
outputs/releases/L01028_v1/storage/uncertainty/confined_storage_uncertainty_daily.csv,file,41,bf2c065c594122d6b288c038364d649c3f3b99ff136d73549fb42c3944b4d034,release_or_active_code
outputs/releases/L01028_v1/storage/uncertainty/confined_storage_uncertainty_harmonic.csv,file,135,3c8c353841a495e6e199cae1fa9f60892c2db4b0a083f454d6607dd9438691d5,release_or_active_code
outputs/releases/L01028_v1/storage/uncertainty/uncertainty_acceptance.json,file,556,34c41eeb2e1b0b8bdfbf6e717ba84d5c9835758d3bde101e18fefca5f2e0e721,release_or_active_code
outputs/releases/L01028_v1/storage/uncertainty/uncertainty_inputs.csv,file,129,36571143a7ae99a00a68274b5677d27fd5897ccc150b6cbffb72a75f97696842,release_or_active_code
outputs/releases/L01028_v1/storage/uncertainty/uncertainty_source_contributions.csv,file,121,39f057815196088fecdcd8f2194d2a697d56817bf705c0c11f297ab6f1eb132d,release_or_active_code
outputs/releases/L01028_v1/storage/uncertainty/uncertainty_spec.json,file,443,b4c4604dc38730c260f355c1b80048a52f174619bd6a8d92ee7d7d11a3f6e07e,release_or_active_code
outputs/releases/L01028_v1/storage/unconfined_storage/specific_yield_missing_inputs.json,file,173,c564cb98b91f40a35cd6b6e874073c1963e74d7735a01c01c434aaeeea12eac0,release_or_active_code
outputs/releases/L01028_v1/storage/unconfined_storage/unconfined_storage_acceptance.json,file,148,58cbbe1e782f22ac075b9e3b4cbf2c3bc027039773af4dce60c654e29d452637,release_or_active_code
outputs/releases/L01028_v1/storage/unconfined_storage/unconfined_storage_requirements.md,file,157,ecc7460f210b8cffc56d738916c8c492d27e649743b6d33e727723647bbe4fa4,release_or_active_code
outputs/releases/L01028_v1/tables/bounded_final_metrics.json,file,2449,c046715b7f748ec55420145e3f6c594369f79a21bfad2d9f5c25fcb0bc8eaf62,release_or_active_code
outputs/releases/L01028_v1/tables/bounded_formal_cv_metrics.csv,file,329,8665ab0a72c75af4a7821836f9cc75ad93b46c1a141cb481b17aea4d2dfb0dde,release_or_active_code
outputs/releases/L01028_v1/tables/publication_tables_acceptance.json,file,44,efd9dff140aa396ec2a04e6f16845b8be8cb38fad240b67185034f0a63f044ec,release_or_active_code
outputs/canonical_inputs/L01028_bounded_memmaps_v1/canonical_memmap_manifest.csv,file,31385,a4aa95d0b05148cad54b1ce0febd0b60161ced1df3be1824c7dea2b191e22293,release_or_active_code
outputs/canonical_inputs/L01028_bounded_memmaps_v1/canonical_memmap_manifest.json,file,175,1adbb2587131d128f1bb8fb20208cdcce86b9307cc5d2897fb04922ca25b434d,release_or_active_code
outputs/canonical_inputs/L01028_bounded_memmaps_v1/final_full_data_refit/final_convergence.json,symlink,123,4ec3641bf5dd1495aa11143dcf26e772d1c762c51cf0449d5592d16cc4a5d5a5,release_or_active_code
outputs/canonical_inputs/L01028_bounded_memmaps_v1/final_full_data_refit/final_fit_metrics.json,symlink,123,2ec7208884ac040a24b69afecb2028e83bc89c93dfe9656495d1574fb00778f7,release_or_active_code
outputs/canonical_inputs/L01028_bounded_memmaps_v1/final_full_data_refit/final_input_hashes.json,symlink,124,0ef9fe5910eeaca2dd34095dfe8eaed37fbc95b5dbb359e8b15abfcaefda5a95,release_or_active_code
outputs/canonical_inputs/L01028_bounded_memmaps_v1/final_full_data_refit/final_optimizer_history.csv,symlink,128,ecca5286ceac9a9126cec8e5a5d5ca116e4a403092c7e4c7d6ac54626907271e,release_or_active_code
outputs/canonical_inputs/L01028_bounded_memmaps_v1/final_full_data_refit/final_parameters.json,symlink,122,b8d0416447e4d753260c931554c9b6c3c245e7bfa5f6e9885539c641710deef9,release_or_active_code
outputs/canonical_inputs/L01028_bounded_memmaps_v1/final_full_data_refit/final_parameters.npy,symlink,121,a3c43b24d538fbdb83cb4b8822b3c05f56dc6304fabae286544b584149024b4f,release_or_active_code
outputs/canonical_inputs/L01028_bounded_memmaps_v1/final_full_data_refit/final_refit_acceptance.json,symlink,128,71f664bdf13627304e7165b470df351248bc72bb355e52843318f096d07d2e85,release_or_active_code
outputs/canonical_inputs/L01028_bounded_memmaps_v1/final_full_data_refit/memmap_manifest.json,symlink,121,2b6775302f05936963ff36b497a1a34e0af1d99421d4b4cc906e95030c413ded,release_or_active_code
outputs/canonical_inputs/L01028_bounded_memmaps_v1/final_full_data_refit/train_basis.dat,symlink,116,02f84ce3ad4dc68c1933caed5b1099ce28f789e78f00682ed193acd2eb5ba2f9,release_or_active_code
outputs/canonical_inputs/L01028_bounded_memmaps_v1/final_full_data_refit/train_hc.dat,symlink,113,4a46cd9d42db8df7b4fad2d058206c2ee626b878cff099b8ac4bf597ec188629,release_or_active_code
outputs/canonical_inputs/L01028_bounded_memmaps_v1/final_full_data_refit/train_hu.dat,symlink,113,ea9d6ecc8d621abd752b0b5da2b007ec7a59ec2ce0bff3e85d9a3299b5020f1e,release_or_active_code
outputs/canonical_inputs/L01028_bounded_memmaps_v1/final_full_data_refit/train_obs.dat,symlink,114,cd717432b55fdee2bc1f816f6efde76c1c137681a1cb1a9ad41b551788e3121f,release_or_active_code
outputs/canonical_inputs/L01028_bounded_memmaps_v1/final_full_data_refit/val_basis.dat,symlink,114,6e340b9cffb37a989ca544e6bb780a2c78901d3fb33738768511a30617afa01d,release_or_active_code
outputs/canonical_inputs/L01028_bounded_memmaps_v1/final_full_data_refit/val_hc.dat,symlink,111,6e340b9cffb37a989ca544e6bb780a2c78901d3fb33738768511a30617afa01d,release_or_active_code
outputs/canonical_inputs/L01028_bounded_memmaps_v1/final_full_data_refit/val_hu.dat,symlink,111,6e340b9cffb37a989ca544e6bb780a2c78901d3fb33738768511a30617afa01d,release_or_active_code
outputs/canonical_inputs/L01028_bounded_memmaps_v1/final_full_data_refit/val_obs.dat,symlink,112,6e340b9cffb37a989ca544e6bb780a2c78901d3fb33738768511a30617afa01d,release_or_active_code
outputs/canonical_inputs/L01028_bounded_memmaps_v1/formal_cv/fold_01/convergence.json,symlink,116,6954ca890bc9ceed05161768f006a7f91050f9641876bb38cad2c5cdbd0be874,release_or_active_code
outputs/canonical_inputs/L01028_bounded_memmaps_v1/formal_cv/fold_01/fold_completion_acceptance.json,symlink,131,359b4a350ad26c4a205b78f5a297eb6fbbe582ec5d61471e5f37d6a345553af6,release_or_active_code
outputs/canonical_inputs/L01028_bounded_memmaps_v1/formal_cv/fold_01/input_hashes.json,symlink,117,50d51c9b0540d62a8b61819fb66d7412507d79466a025f73f31e19d29cf338d8,release_or_active_code
outputs/canonical_inputs/L01028_bounded_memmaps_v1/formal_cv/fold_01/memmap_manifest.json,symlink,120,5a49ff34fb4ba8ef03b24fb2129f256bb6b25aa845e5997a069df651efa51c31,release_or_active_code
outputs/canonical_inputs/L01028_bounded_memmaps_v1/formal_cv/fold_01/metrics.json,symlink,112,0cdd17481ec117e488b7dd79ae1200f85eccc35774cd34f254b00a4ea0cc86fa,release_or_active_code
outputs/canonical_inputs/L01028_bounded_memmaps_v1/formal_cv/fold_01/optimizer_history.log,symlink,121,34f2d274c08f04c5909d1d48466bc3964698040686763c46516872b3a8e59fe3,release_or_active_code
outputs/canonical_inputs/L01028_bounded_memmaps_v1/formal_cv/fold_01/parameter_hash.json,symlink,119,9f417010d71340226243e0a102e514a8c861fef141a6a44de97f3f61de118ca4,release_or_active_code
outputs/canonical_inputs/L01028_bounded_memmaps_v1/formal_cv/fold_01/parameters.json,symlink,115,abaa8635312c6ce528f8827db1e7291b7d3fadc910d07409187d8b1a286fd70d,release_or_active_code
outputs/canonical_inputs/L01028_bounded_memmaps_v1/formal_cv/fold_01/parameters.npy,symlink,114,6f76e8aa782ad32412ec1cca621f57e07745389d34232cde4e32c05e92fd88cd,release_or_active_code
outputs/canonical_inputs/L01028_bounded_memmaps_v1/formal_cv/fold_01/train_basis.dat,symlink,115,98301ae30f29dfc185e63a1d5616fb11db8d2e3c5200fb3581ff05e41c7f9639,release_or_active_code
outputs/canonical_inputs/L01028_bounded_memmaps_v1/formal_cv/fold_01/train_hc.dat,symlink,112,4e9d9057b3789ff9534132ad19a06bb7e8504c2c45c335bd8090252fb8ed87fd,release_or_active_code
outputs/canonical_inputs/L01028_bounded_memmaps_v1/formal_cv/fold_01/train_hu.dat,symlink,112,026cdc532e577a23ac43c32db5c84a85f4a330b41158f2e67a6e66ced87a51f7,release_or_active_code
outputs/canonical_inputs/L01028_bounded_memmaps_v1/formal_cv/fold_01/train_obs.dat,symlink,113,ca95d7acda17819303c6765a2f4f718f840e0bc23f2317c2e914f6e4d509b6d5,release_or_active_code
outputs/canonical_inputs/L01028_bounded_memmaps_v1/formal_cv/fold_01/val_basis.dat,symlink,113,a5e8fa953d8c62b120e4d9e5cb4b18b6bee20cd5f8a42065a4c91c482728d4fb,release_or_active_code
outputs/canonical_inputs/L01028_bounded_memmaps_v1/formal_cv/fold_01/val_hc.dat,symlink,110,533a6461cef2603316fcceaef83ebd594fe460d884d1f0d60ff3f82f9e132719,release_or_active_code
outputs/canonical_inputs/L01028_bounded_memmaps_v1/formal_cv/fold_01/val_hu.dat,symlink,110,8d3131188f9e907f1304e0315f0871313cd005da823017a45a050c295cd99db0,release_or_active_code
outputs/canonical_inputs/L01028_bounded_memmaps_v1/formal_cv/fold_01/val_obs.dat,symlink,111,08754ee12754f5fc01af62a203597b233c480fba131e66eee8abbe9d8d2d825f,release_or_active_code
outputs/canonical_inputs/L01028_bounded_memmaps_v1/formal_cv/fold_02/convergence.json,symlink,116,21c38fc348fe6a01b3cc52fafbd2c8c44a74625605990fe46e4c727145519e9f,release_or_active_code
outputs/canonical_inputs/L01028_bounded_memmaps_v1/formal_cv/fold_02/fold_completion_acceptance.json,symlink,131,359b4a350ad26c4a205b78f5a297eb6fbbe582ec5d61471e5f37d6a345553af6,release_or_active_code
outputs/canonical_inputs/L01028_bounded_memmaps_v1/formal_cv/fold_02/input_hashes.json,symlink,117,12fd9eff776c3fdeef49661dde8c67530227a04828c48212436dd81fe17dab89,release_or_active_code
outputs/canonical_inputs/L01028_bounded_memmaps_v1/formal_cv/fold_02/memmap_manifest.json,symlink,120,f7891904c821f62a06bb68b9c29627000fe429b61cafefe904e3aff3501f8607,release_or_active_code
outputs/canonical_inputs/L01028_bounded_memmaps_v1/formal_cv/fold_02/metrics.json,symlink,112,e0034572a0c459296c80ff6b13b99ce952425259c5828772a192fcd30ddb4f4d,release_or_active_code
outputs/canonical_inputs/L01028_bounded_memmaps_v1/formal_cv/fold_02/optimizer_history.log,symlink,121,ee25add1d6493e60fcd9cea776084d4d921d4cb55a5bb47bee710525686e25c2,release_or_active_code
outputs/canonical_inputs/L01028_bounded_memmaps_v1/formal_cv/fold_02/parameter_hash.json,symlink,119,4f9dab1f636452c5daa415dd0c85ea685fa56c758b7bcd61fe58e59b8a0405f8,release_or_active_code
outputs/canonical_inputs/L01028_bounded_memmaps_v1/formal_cv/fold_02/parameters.json,symlink,115,607f92c919c05e5a4b0b5c010134ce1bddc132470edf8849a33630e21adc3411,release_or_active_code
outputs/canonical_inputs/L01028_bounded_memmaps_v1/formal_cv/fold_02/parameters.npy,symlink,114,0876fb34f1cd3fe62610ca5639f95221083a3b45f25d18345859400c0cd5c174,release_or_active_code
outputs/canonical_inputs/L01028_bounded_memmaps_v1/formal_cv/fold_02/train_basis.dat,symlink,115,8af30a121ec03f4ee511359634dfc0c35ca31f04a929df064e6913bc40dee926,release_or_active_code
outputs/canonical_inputs/L01028_bounded_memmaps_v1/formal_cv/fold_02/train_hc.dat,symlink,112,b9c811f70b735b461be5dbcd766359d6b4437c06055dccfd6397480114959afe,release_or_active_code
outputs/canonical_inputs/L01028_bounded_memmaps_v1/formal_cv/fold_02/train_hu.dat,symlink,112,17d888cef20297c62bffa9f6cbd80ae64e66b1cf279de4f81bb67a44b55d7a62,release_or_active_code
outputs/canonical_inputs/L01028_bounded_memmaps_v1/formal_cv/fold_02/train_obs.dat,symlink,113,8013d9ab7e1c191e4d41fb0348e32bfaffb536ad8b1739cb599fbc817e9c1ab4,release_or_active_code
outputs/canonical_inputs/L01028_bounded_memmaps_v1/formal_cv/fold_02/val_basis.dat,symlink,113,00de373ad0001ed908d678554b766cfe6a7a98f9675476cc784c23e4db3a2cd5,release_or_active_code
outputs/canonical_inputs/L01028_bounded_memmaps_v1/formal_cv/fold_02/val_hc.dat,symlink,110,db62ff9728b53be97959c0d5a84489b2eb4a4e33f8c837fb400cb93063be5721,release_or_active_code
outputs/canonical_inputs/L01028_bounded_memmaps_v1/formal_cv/fold_02/val_hu.dat,symlink,110,f900fd836456faf4d53ad6f4168de8594ea54557bef22d4c8f8b6eea66f5cfa6,release_or_active_code
outputs/canonical_inputs/L01028_bounded_memmaps_v1/formal_cv/fold_02/val_obs.dat,symlink,111,a5520f118b0beff6ed30da1fb9be70e075241a87d452210241bbbc8690121ccf,release_or_active_code
outputs/canonical_inputs/L01028_bounded_memmaps_v1/formal_cv/fold_03/convergence.json,symlink,116,8583b104c206c5a1ce9a568994d5c9230ca8858d3ed2649d2eb96ce43ea1905f,release_or_active_code
outputs/canonical_inputs/L01028_bounded_memmaps_v1/formal_cv/fold_03/fold_completion_acceptance.json,symlink,131,359b4a350ad26c4a205b78f5a297eb6fbbe582ec5d61471e5f37d6a345553af6,release_or_active_code
outputs/canonical_inputs/L01028_bounded_memmaps_v1/formal_cv/fold_03/input_hashes.json,symlink,117,956bf7a9f49eb0cce567dfb858782520f5d96236500c7fb12194f08fa20a9846,release_or_active_code
outputs/canonical_inputs/L01028_bounded_memmaps_v1/formal_cv/fold_03/memmap_manifest.json,symlink,120,6301ac9f143bfaa1100b0c2a1d1032700ea729fd4284b696ce9bfb92290cdedd,release_or_active_code
outputs/canonical_inputs/L01028_bounded_memmaps_v1/formal_cv/fold_03/metrics.json,symlink,112,3bfc3d159990924489e5887d9bd613f4092c1de06ade83c5e9f5d9a7696d239f,release_or_active_code
outputs/canonical_inputs/L01028_bounded_memmaps_v1/formal_cv/fold_03/optimizer_history.log,symlink,121,b2a7af220eac7b2e118abaa809ed2df9f8d044b5a6e9fba56f6885d6567e168a,release_or_active_code
outputs/canonical_inputs/L01028_bounded_memmaps_v1/formal_cv/fold_03/parameter_hash.json,symlink,119,e706962dc41c0c06964c677449a276d126dd55f26fa84f50cb89e7ab936ee89b,release_or_active_code
outputs/canonical_inputs/L01028_bounded_memmaps_v1/formal_cv/fold_03/parameters.json,symlink,115,2d0ac45898ecfed747d4268292436b409d3cdbb6c09f3c8d9599b2088f71096b,release_or_active_code
outputs/canonical_inputs/L01028_bounded_memmaps_v1/formal_cv/fold_03/parameters.npy,symlink,114,4e2c3ffb543d564a9c7ebdaccc008ff276e0e3ace0e8f9b6b12d835bb9a893f2,release_or_active_code
outputs/canonical_inputs/L01028_bounded_memmaps_v1/formal_cv/fold_03/train_basis.dat,symlink,115,0889fd810b760dd106c21ff534955a23a01ebb27de9488b349bb9ab456df071a,release_or_active_code
outputs/canonical_inputs/L01028_bounded_memmaps_v1/formal_cv/fold_03/train_hc.dat,symlink,112,db66b95f8095411efa633f14a1eaa1a7b75c0246e592e4025df066346f2c69c9,release_or_active_code
outputs/canonical_inputs/L01028_bounded_memmaps_v1/formal_cv/fold_03/train_hu.dat,symlink,112,f77554ff9eadaa1a38d8c1252948fc7f1677297d056c00dad85ac7806ec49c5a,release_or_active_code
outputs/canonical_inputs/L01028_bounded_memmaps_v1/formal_cv/fold_03/train_obs.dat,symlink,113,5acd62c781d3eb99c4ae75f3966a3fd6c47e6a9da9b866abadfcd031087c88c9,release_or_active_code
outputs/canonical_inputs/L01028_bounded_memmaps_v1/formal_cv/fold_03/val_basis.dat,symlink,113,9186511df18d1a58064307037b83ba7616cb3f1a1354dc1f640629d6715da54d,release_or_active_code
outputs/canonical_inputs/L01028_bounded_memmaps_v1/formal_cv/fold_03/val_hc.dat,symlink,110,a6ec7df53354db7f554bf4869529f014c26adcb511433d99a3d921f05202cb08,release_or_active_code
outputs/canonical_inputs/L01028_bounded_memmaps_v1/formal_cv/fold_03/val_hu.dat,symlink,110,fae9892fb75985f60200344c95c5536df1e4e624153890f9ac53c1c89457f1cd,release_or_active_code
outputs/canonical_inputs/L01028_bounded_memmaps_v1/formal_cv/fold_03/val_obs.dat,symlink,111,4dfd8be26ef734ab9922cb6ee842464d563dae303a83a89705e4e9e2d9850044,release_or_active_code
outputs/canonical_inputs/L01028_bounded_memmaps_v1/formal_cv/fold_04/convergence.json,symlink,116,e501f9c94648488d28714e315b4097c3d2a34178c570727eb3f5b4771243cb84,release_or_active_code
outputs/canonical_inputs/L01028_bounded_memmaps_v1/formal_cv/fold_04/fold_completion_acceptance.json,symlink,131,359b4a350ad26c4a205b78f5a297eb6fbbe582ec5d61471e5f37d6a345553af6,release_or_active_code
outputs/canonical_inputs/L01028_bounded_memmaps_v1/formal_cv/fold_04/input_hashes.json,symlink,117,d0fe58857f5cfa7f2d630558d6ccf7bcbfc5c23e1df2c8d222b4149ca9d3a839,release_or_active_code
outputs/canonical_inputs/L01028_bounded_memmaps_v1/formal_cv/fold_04/memmap_manifest.json,symlink,120,0070c99bcc6ebbf8cc8e99381348010c000a4847259fcd928485a24d6b1f7540,release_or_active_code
outputs/canonical_inputs/L01028_bounded_memmaps_v1/formal_cv/fold_04/metrics.json,symlink,112,58bbef6633808d3a029f8cdd1c80519606fee685c3533d9dcb2dba3b48ac15e3,release_or_active_code
outputs/canonical_inputs/L01028_bounded_memmaps_v1/formal_cv/fold_04/optimizer_history.log,symlink,121,0888e28a2db13a0d91b3a6e070bba2b84411039c553bf9ca5464fa6538cb0f4e,release_or_active_code
outputs/canonical_inputs/L01028_bounded_memmaps_v1/formal_cv/fold_04/parameter_hash.json,symlink,119,76c0d1dcc96ede7c84b43d18dc970c06778852d030744bccb5f77a72e3839510,release_or_active_code
outputs/canonical_inputs/L01028_bounded_memmaps_v1/formal_cv/fold_04/parameters.json,symlink,115,4b171bf994871d0322197e2bfeeb296c5240f9fcd603233ab902eb5e9631b712,release_or_active_code
outputs/canonical_inputs/L01028_bounded_memmaps_v1/formal_cv/fold_04/parameters.npy,symlink,114,b9a23678fc9542c419ffcaa1332b10d0f81be6225f8cad84724e032b9c47cf10,release_or_active_code
outputs/canonical_inputs/L01028_bounded_memmaps_v1/formal_cv/fold_04/train_basis.dat,symlink,115,6a35bb22f8753f21d5d5bef44d42284f7282f856b1ac437dc196842911bb3b02,release_or_active_code
outputs/canonical_inputs/L01028_bounded_memmaps_v1/formal_cv/fold_04/train_hc.dat,symlink,112,cf9b7d494e30b6a98c56e00ccdfcb9505dfe2273cc8cb75b660fc7012cfe60c6,release_or_active_code
outputs/canonical_inputs/L01028_bounded_memmaps_v1/formal_cv/fold_04/train_hu.dat,symlink,112,20c7c52b5d473209d9d585ae515c0ee2a9845d0e5b0e78bb9b2c9baadd22ab91,release_or_active_code
outputs/canonical_inputs/L01028_bounded_memmaps_v1/formal_cv/fold_04/train_obs.dat,symlink,113,2dfd355940a80a366048528784ef5349b4d9809b68431cd512bcee081b8050d1,release_or_active_code
outputs/canonical_inputs/L01028_bounded_memmaps_v1/formal_cv/fold_04/val_basis.dat,symlink,113,c5bc66a7b510532571778accf3c20e8a44c21722761f19ae68699fc89183ee9d,release_or_active_code
outputs/canonical_inputs/L01028_bounded_memmaps_v1/formal_cv/fold_04/val_hc.dat,symlink,110,0dac97ddac43383cd63f2d89347a58b364483f482abb1555da8d61dd64657784,release_or_active_code
outputs/canonical_inputs/L01028_bounded_memmaps_v1/formal_cv/fold_04/val_hu.dat,symlink,110,ae053352a62caa13ae103e5e93c4d1be5a27e352417473e12fb815da8f04e896,release_or_active_code
outputs/canonical_inputs/L01028_bounded_memmaps_v1/formal_cv/fold_04/val_obs.dat,symlink,111,6d4fdb12c8fb748b3dee32169abc7fd5bff0d8bb10af03d50c4d804945a23da6,release_or_active_code
outputs/canonical_inputs/L01028_bounded_memmaps_v1/rbf/rbf_transform.npy,file,8320,f5e0e26f103b8d65ec188131c4e20ce46a34c7da3e5096585f664f7926db4cdb,release_or_active_code
outputs/canonical_inputs/L01028_bounded_memmaps_v1/rbf/selected_rbf_design.json,file,3208,8fbde98cabefaf75ac0067f6c46d74e33e69416b5de9232ff5e25a0d80d27c2e,release_or_active_code
outputs/canonical_inputs/L01028_bounded_memmaps_v1/static/comparison_common_mask.tif,file,1042356,ff761a316e0a89a9121c439967df418f14585ae420f281d43671ebaf4740bd1f,release_or_active_code
outputs/canonical_inputs/L01028_bounded_memmaps_v1/static/phase4_harmonic_blocks_L01028_authoritative.h5,file,2136218004,large_keep_hash_recorded_in_canonical_check_if_required,release_or_active_code
outputs/canonical_inputs/L01028_bounded_memmaps_v1/static/spatial_validation_blocks.tif,file,1107363,d24dc63e65d3a1fa1a0e698620ba6d8e03fcf518a9a5ef0721c59374a1d46e3a,release_or_active_code
outputs/CURRENT_RELEASE,file,19,7690ecae46da40158b680d597d4078686e6a9ab9c44dfa91eb938cbb83676b50,release_or_active_code
README.md,file,1760,eafba2235685bb91fea57bea1b49a3ce355013461b7ed326e48b87627c88f18e,release_or_active_code
.gitignore,file,152,b20f23b9c0f7cc5bb373be93a05f7570f1018d7dbe79e47e9995f718f7e73188,release_or_active_code
pyproject.toml,file,465,5d023a7b41ccfd222ba2880b432e34950b58da93fbbdfa08f67e79b44c72ad51,release_or_active_code
.github/workflows/ci.yml,file,336,3f3303e5816a8cab8c8d2b190155b93ee4ae494ee90b5fd8aeb79c769aa6673b,release_or_active_code
